Date,Home Team,Home Score,Away Team,Away Score
2019-08-30,Butler,0,Adrian,31
2019-08-30,Diamond,12,Ash Grove,44
2019-08-30,Buffalo,36,Ava,38
2019-08-30,SLUH,52,Battle,47
2019-08-30,Raytown,23,Blue Springs South,21
2019-08-30,Eldon,8,Bolivar,54
2019-08-30,South Shelby,16,Bowling Green,12
2019-08-30,Republic,29,Branson,42
2019-08-30,Palmyra,7,Brookfield,6
2019-08-30,Doniphan,2,Cabool,52
2019-08-30,Waynesville,12,Camdenton,39
2019-08-30,Webb City,34,Carl Junction,0
2019-08-30,Miller Career Academy,12,Caruthersville,50
2019-08-30,Aurora,0,Cassville,42
2019-08-30,Central (Kansas City),0,Center,59
2019-08-30,Malden,18,Central (New Madrid County),65
2019-08-30,St. Clair,17,Central (Park Hills),14
2019-08-30,Parkview,49,Central (Springfield),6
2019-08-30,Smithville,40,Central (St. Joseph),0
2019-08-30,Monroe City,6,Centralia,35
2019-08-30,Gateway,0,Clayton,3
2019-08-30,Cole Camp,41,Concordia,7
2019-08-30,Archie,14,Crest Ridge,20
2019-08-30,Ste. Genevieve,49,Dexter,7
2019-08-30,Clopton with Elsberry,7,Duchesne,20
2019-08-30,Van Horn,28,East (Kansas City),27
2019-08-30,Hollister,23,East Newton,16
2019-08-30,Southeast,20,Excelsior Springs,51
2019-08-30,Mountain Grove,7,Fair Grove,29
2019-08-30,Carrollton,14,Fayette,6
2019-08-30,Fox,17,Festus,14
2019-08-30,Ft. Zumwalt North,38,Francis Howell,24
2019-08-30,Kennett,49,Fredericktown,0
2019-08-30,Francis Howell Central,16,Ft. Zumwalt East,12
2019-08-30,Holt,60,Ft. Zumwalt South,6
2019-08-30,Eureka,22,Ft. Zumwalt West,23
2019-08-30,Osage,14,Fulton,6
2019-08-30,North Platte,12,Gallatin,32
2019-08-30,Savannah,12,Grain Valley,14
2019-08-30,North Kansas City,24,Grandview,8
2019-08-30,Father Tolton,0,Hallsville,40
2019-08-30,Paris with Faith Walk,28,Harrisburg,18
2019-08-30,Thayer,30,Hayti,12
2019-08-30,Oakville,3,Hazelwood West,0
2019-08-30,Hannibal,0,Helias Catholic,46
2019-08-30,Cuba,14,Herculaneum,16
2019-08-30,Montgomery County,12,Hermann,30
2019-08-30,Pattonville,7,Hickman,14
2019-08-30,Clark County,42,Highland,6
2019-08-30,West Plains,42,Hillcrest,14
2019-08-30,Sullivan,6,Hillsboro,0
2019-08-30,Sherwood,0,Holden,35
2019-08-30,Sarcoxie,16,Houston,24
2019-08-30,Webster Groves,0,Jackson,48
2019-08-30,Greenfield,6,Jasper,38
2019-08-30,Bishop DuBourg with Hancock,0,Jefferson (Festus),13
2019-08-30,McCluer,8,Jennings,0
2019-08-30,Willard,13,Joplin,36
2019-08-30,Harrisonville,14,Kearney,34
2019-08-30,East Prairie,18,Kelly,21
2019-08-30,Lebanon,28,Kickapoo,7
2019-08-30,Macon,28,Kirksville,20
2019-08-30,Jefferson City,35,Kirkwood,61
2019-08-30,Clinton,0,Lafayette (St. Joseph),53
2019-08-30,Timberland,7,Lafayette (Wildwood),14
2019-08-30,South Callaway,14,Lafayette County,19
2019-08-30,Logan-Rogersville,19,Lamar,38
2019-08-30,Liberty,17,Lee's Summit,12
2019-08-30,Lee's Summit North,21,Liberty North,23
2019-08-30,North Callaway,8,Lincoln,40
2019-08-30,Mehlville,10,Lindbergh,17
2019-08-30,Pierce City,27,Lockwood with Golden City,14
2019-08-30,West Platte,20,Lone Jack with Kingsville,0
2019-08-30,Mark Twain,26,Louisiana,0
2019-08-30,Pleasant Hope,0,Marionville,52
2019-08-30,Parkway North,0,Marquette,27
2019-08-30,Chillicothe,20,Marshall,7
2019-08-30,Blair Oaks,23,Maryville,14
2019-08-30,Penney,40,Maysville with Winston,20
2019-08-30,Marshfield,31,McDonald County,14
2019-08-30,Southern Boone,20,Mexico,0
2019-08-30,Princeton with Mercer,0,Mid-Buchanan,35
2019-08-30,Warsaw,14,Midway,6
2019-08-30,Stockton with Sheldon,6,Miller,48
2019-08-30,Confluence Prep Academy Charter,6,Missouri Military Academy,20
2019-08-30,Smith-Cotton,28,Moberly,35
2019-08-30,Mt. Vernon,22,Monett,21
2019-08-30,Reeds Spring,61,Nevada,6
2019-08-30,Carthage,35,Nixa,0
2019-08-30,Central (Cape Girardeau),28,North County,14
2019-08-30,Cameron,51,Northeast (Kansas City),13
2019-08-30,Lawson,10,Oak Grove,28
2019-08-30,St. Pius X (Kansas City),0,Odessa,49
2019-08-30,Veritas Christian Academy,19,Orchard Farm,0
2019-08-30,Potosi,44,Owensville,28
2019-08-30,Neosho,7,Ozark,21
2019-08-30,Lee's Summit West,6,Park Hill,19
2019-08-30,Parkway South,6,Parkway West,21
2019-08-30,El Dorado Springs,6,Pembroke Hill,31
2019-08-30,Oak Park,15,Platte County,38
2019-08-30,Milan,6,Plattsburg,7
2019-08-30,Boonville,19,Pleasant Hill,14
2019-08-30,MICDS,34,Poplar Bluff,27
2019-08-30,Charleston,48,Portageville,8
2019-08-30,Park Hill South,0,Raymore-Peculiar,35
2019-08-30,Fort Osage,0,Raytown South,6
2019-08-30,Ladue Horton Watkins,13,Ritenour,0
2019-08-30,Rockhurst,16,Rock Bridge,14
2019-08-30,Glendale,24,Rolla,32
2019-08-30,Troy Buchanan,28,Roosevelt with Cleveland NJROTC,24
2019-08-30,Belton,13,Ruskin,18
2019-08-30,Westran,40,Salisbury,15
2019-08-30,Marceline,22,Scotland County,12
2019-08-30,Grandview (Hillsboro),0,Scott City,49
2019-08-30,Springfield Catholic,41,Seneca,26
2019-08-30,Vashon,16,Sikeston,24
2019-08-30,Forsyth,8,Skyline,49
2019-08-30,Santa Fe,0,Slater,41
2019-08-30,East Buchanan,18,South Harrison,22
2019-08-30,Priory,21,St. Charles,0
2019-08-30,St. Dominic,14,St. Charles West,44
2019-08-30,Pacific,0,St. Francis Borgia,38
2019-08-30,Salem,32,St. James,6
2019-08-30,Westminster Christian Academy,15,St. Mary's South Side,26
2019-08-30,Tipton,41,St. Paul Lutheran (Concordia),12
2019-08-30,Windsor (Imperial),28,St. Pius X (Festus),6
2019-08-30,Valle Catholic,36,St. Vincent,7
2019-08-30,Truman,6,Staley,42
2019-08-30,St. Michael the Archangel,0,Summit Christian Academy,41
2019-08-30,Windsor,38,Sweet Springs with Malta Bend,30
2019-08-30,Lathrop,42,Trenton,14
2019-08-30,Farmington,23,Union,13
2019-08-30,Principia,21,Van-Far with Community,0
2019-08-30,Knob Noster,50,Versailles,20
2019-08-30,Lift for Life Academy Charter,7,Warrensburg,42
2019-08-30,Liberty (Wentzville),28,Warrenton,14
2019-08-30,Seckman,6,Washington,7
2019-08-30,University Academy Charter,12,Wellington-Napoleon,44
2019-08-30,Blue Springs,37,William Chrisman,13
2019-08-30,Strafford,20,Willow Springs,0
2019-08-30,Benton,20,Winnetonka,47
2019-08-30,Winfield,0,Wright City,23
2019-08-31,Bayless,0,Brentwood,41
2019-08-31,Chaffee,52,Crystal City,8
2019-08-31,De Smet Jesuit,35,Hazelwood Central,0
2019-08-31,University City,0,Hazelwood East,38
2019-08-31,Lincoln College Prep,47,Hogan Prep Academy Charter,24
2019-08-31,Schuyler County,0,Knox County,40
2019-08-31,Richmond,42,Liberty (Mountain View),37
2019-08-31,Mehlville,10,Lindbergh,17
2019-08-31,Trinity Catholic,6,Lutheran North,25
2019-08-31,Carnahan,14,Normandy Collaborative,44
2019-09-01,Parkway Central,14,Rockwood Summit,47
2019-09-02,Lutheran South,13,Affton,49
2019-09-02,Perryville,14,DeSoto,7
2019-09-02,Francis Howell North,13,Northwest (Cedar Hill),14
2019-09-06,Adrian,41,Archie,14
2019-09-06,East Newton,13,Aurora,18
2019-09-06,Hallsville,26,Ava,28
2019-09-06,Lee's Summit,57,Belton,13
2019-09-06,Excelsior Springs,24,Benton,14
2019-09-06,Affton,42,Bishop DuBourg with Hancock,12
2019-09-06,Oak Grove,21,Blair Oaks,44
2019-09-06,Rockhurst,16,Blue Springs,17
2019-09-06,Van Horn,61,Butler,12
2019-09-06,East (Kansas City),21,Cameron,34
2019-09-06,Westran,6,Carrollton,24
2019-09-06,Carl Junction,7,Carthage,35
2019-09-06,Lafayette (St. Joseph),21,Center,35
2019-09-06,Normandy Collaborative,0,Central (Cape Girardeau),49
2019-09-06,MICDS,34,Central (Park Hills),21
2019-09-06,Clark County,12,Centralia,14
2019-09-06,Cabool,46,Chaffee,0
2019-09-06,Hayti,36,Charleston,7
2019-09-06,Kirksville,21,Chillicothe,50
2019-09-06,Odessa,67,Clinton,0
2019-09-06,Missouri Military Academy,7,Clopton with Elsberry,42
2019-09-06,Lincoln,56,Concordia,26
2019-09-06,Lift for Life Academy Charter,46,Confluence Prep Academy Charter,0
2019-09-06,Kelly,62,Crystal City,0
2019-09-06,Houston,48,Cuba,0
2019-09-06,Rock Bridge,7,De Smet Jesuit,50
2019-09-06,Pierce City,44,Diamond,0
2019-09-06,Wright City,0,Duchesne,52
2019-09-06,Central (New Madrid County),46,East Prairie,6
2019-09-06,Owensville,36,Eldon,30
2019-09-06,North County,6,Farmington,48
2019-09-06,Jasper,13,Forsyth,24
2019-09-06,Lindbergh,7,Fox,21
2019-09-06,Kirkwood,14,Francis Howell,24
2019-09-06,Ft. Zumwalt South,0,Francis Howell Central,32
2019-09-06,Ritenour,42,Francis Howell North,34
2019-09-06,Rockwood Summit,63,Ft. Zumwalt East,0
2019-09-06,Ft. Zumwalt West,20,Ft. Zumwalt North,37
2019-09-06,Jennings,38,Gateway,40
2019-09-06,Hillcrest,12,Glendale,36
2019-09-06,Grain Valley,6,Grandview,3
2019-09-06,Jefferson City,27,Hannibal,12
2019-09-06,Maryville,56,Harrisonville,20
2019-09-06,Lafayette (Wildwood),33,Hazelwood East,24
2019-09-06,Hickman,0,Helias Catholic,24
2019-09-06,Fredericktown,34,Herculaneum,0
2019-09-06,Macon,46,Highland,36
2019-09-06,St. Charles West,34,Hillsboro,22
2019-09-06,Boonville,33,Holden,13
2019-09-06,Lamar,34,Hollister,3
2019-09-06,Staley,52,Kearney,19
2019-09-06,Warsaw,42,Knob Noster,44
2019-09-06,Hogan Prep Academy Charter,6,Lathrop,50
2019-09-06,Lafayette County,7,Lawson,13
2019-09-06,Central (Springfield),0,Lebanon,61
2019-09-06,Central (St. Joseph),0,Lee's Summit North,42
2019-09-06,Fort Osage,7,Lee's Summit West,45
2019-09-06,Trenton,6,Lexington,38
2019-09-06,Park Hill,21,Liberty,10
2019-09-06,Bolivar,38,Liberty (Mountain View),14
2019-09-06,Westminster Christian Academy,28,Liberty (Wentzville),34
2019-09-06,Southeast,6,Lincoln College Prep,43
2019-09-06,McDonald County,20,Logan-Rogersville,53
2019-09-06,Wellington-Napoleon,31,Lone Jack with Kingsville,13
2019-09-06,Van-Far with Community,34,Louisiana,12
2019-09-06,McCluer,48,Lutheran South,0
2019-09-06,Father Tolton,12,Lutheran St. Charles,61
2019-09-06,Caruthersville,54,Malden,6
2019-09-06,Knox County,16,Marceline,50
2019-09-06,Willow Springs,33,Marionville,24
2019-09-06,Milan,52,Mark Twain,20
2019-09-06,Warrensburg,44,Marshall,6
2019-09-06,Monett,49,Marshfield,20
2019-09-06,Mid-Buchanan,42,Maysville with Winston,0
2019-09-06,DeSoto,14,Mehlville,35
2019-09-06,California,6,Mexico,48
2019-09-06,Brookfield,14,Monroe City,30
2019-09-06,Winfield,13,Montgomery County,35
2019-09-06,Nevada,22,Mt. Vernon,43
2019-09-06,Branson,14,Neosho,21
2019-09-06,Tipton,16,North Callaway,60
2019-09-06,William Chrisman,16,North Kansas City,35
2019-09-06,Central (Kansas City),32,Northeast (Kansas City),16
2019-09-06,Raytown,7,Oak Park,13
2019-09-06,Parkway West,28,Oakville,0
2019-09-06,Moberly,17,Osage,7
2019-09-06,Washington,42,Pacific,13
2019-09-06,Bowling Green,14,Palmyra,34
2019-09-06,Salisbury,6,Paris with Faith Walk,28
2019-09-06,Platte County,19,Park Hill South,31
2019-09-06,Camdenton,63,Parkview,7
2019-09-06,Marquette,41,Parkway Central,0
2019-09-06,Jackson,57,Parkway North,13
2019-09-06,Northwest (Cedar Hill),32,Parkway South,7
2019-09-06,Holt,23,Pattonville,21
2019-09-06,University Academy Charter,24,Pembroke Hill,52
2019-09-06,Gallatin,20,Penney,14
2019-09-06,St. James,0,Perryville,51
2019-09-06,Miller,63,Pleasant Hope,20
2019-09-06,Slater,38,Polo,20
2019-09-06,Riverview Gardens,8,Poplar Bluff,48
2019-09-06,Grandview (Hillsboro),15,Portageville,40
2019-09-06,North Platte,14,Princeton with Mercer,41
2019-09-06,South Shelby,28,Putnam County,7
2019-09-06,Blue Springs South,37,Raymore-Peculiar,45
2019-09-06,Winnetonka,27,Raytown South,12
2019-09-06,Seneca,28,Reeds Spring,16
2019-09-06,Nixa,14,Republic,25
2019-09-06,Dexter,6,Salem,19
2019-09-06,Crest Ridge,44,Santa Fe,6
2019-09-06,Lockwood with Golden City,23,Sarcoxie,6
2019-09-06,Pleasant Hill,20,Savannah,27
2019-09-06,Harrisburg,38,Schuyler County,0
2019-09-06,Fayette,12,Scotland County,38
2019-09-06,St. Vincent,35,Scott City,49
2019-09-06,Windsor (Imperial),20,Seckman,19
2019-09-06,El Dorado Springs,41,Sherwood,0
2019-09-06,McCluer North,36,Sikeston,0
2019-09-06,Fair Grove,42,Skyline,14
2019-09-06,Ladue Horton Watkins,48,SLUH,36
2019-09-06,Battle,61,Smith-Cotton,21
2019-09-06,Ruskin,0,Smithville,47
2019-09-06,Hermann,40,South Callaway,27
2019-09-06,Fulton,18,Southern Boone,48
2019-09-06,Cassville,49,Springfield Catholic,21
2019-09-06,Potosi,6,St. Clair,23
2019-09-06,Orchard Farm,7,St. Dominic,48
2019-09-06,Sweet Springs with Malta Bend,54,St. Paul Lutheran (Concordia),6
2019-09-06,Bayless,12,St. Pius X (Festus),49
2019-09-06,St. Michael the Archangel,0,St. Pius X (Kansas City),14
2019-09-06,Valle Catholic,41,Ste. Genevieve,6
2019-09-06,Ash Grove,0,Stockton with Sheldon,18
2019-09-06,Mountain Grove,6,Strafford,21
2019-09-06,Festus,21,Sullivan,15
2019-09-06,Doniphan,19,Thayer,50
2019-09-06,Eureka,10,Timberland,0
2019-09-06,Warrenton,12,Troy Buchanan,48
2019-09-06,Liberty North,49,Truman,3
2019-09-06,St. Francis Borgia,12,Union,14
2019-09-06,Vashon,20,Veritas Christian Academy,48
2019-09-06,Buffalo,56,Versailles,26
2019-09-06,Kickapoo,7,Waynesville,30
2019-09-06,Hazelwood Central,28,Webster Groves,14
2019-09-06,Rolla,7,West Plains,55
2019-09-06,South Harrison,42,West Platte,14
2019-09-06,Ozark,3,Willard,40
2019-09-07,Normandy Collaborative,0,Central (Cape Girardeau),49
2019-09-07,Windsor,42,Cole Camp,25
2019-09-07,Brentwood,0,John Burroughs,42
2019-09-07,DeSoto,14,Mehlville,35
2019-09-07,Principia,0,Priory,31
2019-09-07,Jefferson (Festus),13,Roosevelt with Cleveland NJROTC,40
2019-09-07,Clayton,13,University City,25
2019-09-07,Joplin,35,Webb City,28
2019-09-12,Christian Brothers College,56,Chaminade College Prep,26
2019-09-12,Jennings,56,Clayton,8
2019-09-12,Crystal City,0,Principia,42
2019-09-13,Lift for Life Academy Charter,54,Bayless,0
2019-09-13,Lafayette (St. Joseph),40,Benton,13
2019-09-13,Trinity Catholic,90,Bishop DuBourg with Hancock,6
2019-09-13,Lee's Summit West,37,Blue Springs South,14
2019-09-13,Hannibal,0,Bolivar,25
2019-09-13,Blair Oaks,38,Boonville,21
2019-09-13,Ozark,14,Branson,13
2019-09-13,Louisiana,20,Brentwood,41
2019-09-13,Marceline,7,Brookfield,14
2019-09-13,El Dorado Springs,0,Buffalo,42
2019-09-13,West Plains,34,Camdenton,37
2019-09-13,Republic,48,Carl Junction,55
2019-09-13,St. Paul Lutheran (Concordia),0,Carrollton,46
2019-09-13,Monett,14,Cassville,21
2019-09-13,Fredericktown,14,Central (Park Hills),26
2019-09-13,Glendale,62,Central (Springfield),0
2019-09-13,Maryville,49,Chillicothe,12
2019-09-13,North Callaway,46,Clopton with Elsberry,29
2019-09-13,Warsaw,8,Cole Camp,21
2019-09-13,Owensville,55,Cuba,14
2019-09-13,SLUH,7,De Smet Jesuit,49
2019-09-13,Windsor (Imperial),20,DeSoto,29
2019-09-13,Central (New Madrid County),43,Dexter,15
2019-09-13,Jasper,13,Diamond,28
2019-09-13,Charleston,20,Doniphan,0
2019-09-13,St. Charles,6,Duchesne,20
2019-09-13,Hogan Prep Academy Charter,30,East (Kansas City),13
2019-09-13,Hazelwood Central,0,Eureka,24
2019-09-13,St. Michael the Archangel,0,Fair Grove,55
2019-09-13,Hillsboro,0,Farmington,48
2019-09-13,St. Francis Borgia,35,Father Tolton,14
2019-09-13,Schuyler County,6,Fayette,40
2019-09-13,Greenfield,6,Forsyth,36
2019-09-13,Belton,0,Fort Osage,41
2019-09-13,Ft. Zumwalt South,21,Francis Howell North,35
2019-09-13,Smithville,40,Grain Valley,29
2019-09-13,St. Pius X (Festus),35,Grandview (Hillsboro),6
2019-09-13,Eldon,6,Hallsville,38
2019-09-13,Salisbury,14,Harrisburg,20
2019-09-13,Chaffee,0,Hayti,74
2019-09-13,Mehlville,0,Hazelwood West,31
2019-09-13,St. James,6,Hermann,43
2019-09-13,Jefferson City,23,Hickman,8
2019-09-13,Timberland,13,Holt,30
2019-09-13,Salem,47,Houston,8
2019-09-13,Central (Cape Girardeau),0,Jackson,35
2019-09-13,Herculaneum,12,Jefferson (Festus),16
2019-09-13,Carthage,55,Joplin,56
2019-09-13,Parkview,7,Kickapoo,37
2019-09-13,Fulton,26,Kirksville,45
2019-09-13,Marquette,42,Kirkwood,23
2019-09-13,Crest Ridge,12,Knob Noster,47
2019-09-13,Westran,12,Knox County,30
2019-09-13,Webster Groves,8,Ladue Horton Watkins,42
2019-09-13,Ritenour,14,Lafayette (Wildwood),50
2019-09-13,Aurora,21,Lamar,48
2019-09-13,West Platte,14,Lawson,40
2019-09-13,Staley,31,Lee's Summit,7
2019-09-13,Blue Springs,21,Lee's Summit North,31
2019-09-13,Wellington-Napoleon,6,Lexington,44
2019-09-13,Troy Buchanan,27,Liberty (Wentzville),7
2019-09-13,Park Hill,3,Liberty North,24
2019-09-13,Adrian,0,Lincoln,36
2019-09-13,Marionville,20,Lockwood with Golden City,35
2019-09-13,Reeds Spring,19,Logan-Rogersville,7
2019-09-13,South Shelby,28,Macon,49
2019-09-13,Portageville,12,Malden,48
2019-09-13,Bowling Green,26,Mark Twain,14
2019-09-13,East Newton,22,McDonald County,25
2019-09-13,Marshall,33,Mexico,19
2019-09-13,Lathrop,49,Mid-Buchanan,0
2019-09-13,Maysville with Winston,7,Milan,39
2019-09-13,Strafford,16,Miller,35
2019-09-13,Slater,48,Missouri Military Academy,0
2019-09-13,Lafayette County,21,Moberly,14
2019-09-13,Highland,26,Monroe City,46
2019-09-13,South Callaway,21,Montgomery County,53
2019-09-13,Ava,20,Mountain Grove,6
2019-09-13,Marshfield,13,Mt. Vernon,18
2019-09-13,Webb City,34,Neosho,6
2019-09-13,Seneca,39,Nevada,18
2019-09-13,Willard,7,Nixa,10
2019-09-13,Festus,56,North County,40
2019-09-13,Plattsburg,42,North Platte,21
2019-09-13,Lincoln College Prep,67,Northeast (Kansas City),0
2019-09-13,Riverview Gardens,8,Northwest (Cedar Hill),64
2019-09-13,Center,41,Oak Grove,10
2019-09-13,William Chrisman,0,Oak Park,7
2019-09-13,McCluer,42,Oakville,0
2019-09-13,Holden,0,Odessa,62
2019-09-13,Priory,43,Orchard Farm,10
2019-09-13,California,14,Osage,20
2019-09-13,St. Clair,21,Pacific,14
2019-09-13,Centralia,10,Palmyra,7
2019-09-13,Central (St. Joseph),7,Park Hill South,52
2019-09-13,Ft. Zumwalt North,48,Parkway Central,7
2019-09-13,Affton,21,Parkway West,42
2019-09-13,Parkway North,14,Pattonville,24
2019-09-13,East Buchanan,12,Penney,34
2019-09-13,Potosi,34,Perryville,20
2019-09-13,Sarcoxie,0,Pierce City,39
2019-09-13,Kearney,14,Platte County,51
2019-09-13,Richmond,32,Pleasant Hill,28
2019-09-13,Ash Grove,52,Pleasant Hope,0
2019-09-13,Sikeston,18,Poplar Bluff,61
2019-09-13,Polo,12,Princeton with Mercer,42
2019-09-13,Raytown South,16,Raytown,57
2019-09-13,Battle,21,Rock Bridge,14
2019-09-13,Raymore-Peculiar,9,Rockhurst,17
2019-09-13,Fox,21,Rockwood Summit,46
2019-09-13,Hillcrest,14,Rolla,35
2019-09-13,North Kansas City,56,Ruskin,6
2019-09-13,Lone Jack with Kingsville,20,Santa Fe,38
2019-09-13,Paris with Faith Walk,26,Scotland County,54
2019-09-13,East Prairie,21,Scott City,50
2019-09-13,Butler,22,Sherwood,20
2019-09-13,Putnam County,0,South Harrison,36
2019-09-13,Pembroke Hill,36,Southeast,16
2019-09-13,Versailles,41,Southern Boone,61
2019-09-13,Hollister,20,Springfield Catholic,21
2019-09-13,Ft. Zumwalt East,0,St. Charles West,42
2019-09-13,Normandy Collaborative,30,St. Mary's South Side,66
2019-09-13,Cameron,28,St. Pius X (Kansas City),35
2019-09-13,Kelly,28,St. Vincent,42
2019-09-13,Kennett,33,Ste. Genevieve,0
2019-09-13,Skyline,58,Stockton with Sheldon,8
2019-09-13,Union,35,Sullivan,21
2019-09-13,Clinton,0,Summit Christian Academy,59
2019-09-13,Concordia,17,Sweet Springs with Malta Bend,54
2019-09-13,Liberty (Mountain View),20,Thayer,47
2019-09-13,Gallatin,24,Trenton,0
2019-09-13,Liberty,33,Truman,13
2019-09-13,Caruthersville,38,Valle Catholic,35
2019-09-13,Lutheran St. Charles,34,Veritas Christian Academy,7
2019-09-13,Helias Catholic,41,Vianney,28
2019-09-13,Smith-Cotton,0,Warrensburg,48
2019-09-13,Washington,42,Warrenton,14
2019-09-13,Lebanon,35,Waynesville,0
2019-09-13,Cabool,6,Willow Springs,30
2019-09-13,Tipton,8,Windsor,37
2019-09-13,Confluence Prep Academy Charter,0,Winfield,56
2019-09-13,Grandview,21,Winnetonka,24
2019-09-13,Van-Far with Community,18,Wright City,38
2019-09-14,Excelsior Springs,49,Central (Kansas City),12
2019-09-14,Miller Career Academy,26,Gateway,32
2019-09-14,Lindbergh,41,Hazelwood East,8
2019-09-14,Parkway South,6,McCluer North,58
2019-09-14,Lutheran South,12,MICDS,51
2019-09-14,Carnahan,0,Roosevelt with Cleveland NJROTC,70
2019-09-14,Normandy Collaborative,30,St. Mary's South Side,66
2019-09-14,Seckman,29,University City,15
2019-09-14,John Burroughs,9,Westminster Christian Academy,8
2019-09-19,Lift for Life Academy Charter,18,Jennings,12
2019-09-19,Parkway West,28,Parkway North,21
2019-09-20,Benton,17,Adrian,34
2019-09-20,Skyline,42,Archie,26
2019-09-20,Logan-Rogersville,21,Aurora,18
2019-09-20,Harrisonville,16,Battle,30
2019-09-20,Raymore-Peculiar,49,Belton,0
2019-09-20,Missouri Military Academy,19,Bishop DuBourg with Hancock,32
2019-09-20,Lee's Summit,20,Blue Springs,23
2019-09-20,Montgomery County,37,Bowling Green,33
2019-09-20,Orchard Farm,28,Brentwood,16
2019-09-20,Buffalo,48,Butler,8
2019-09-20,Houston,20,Cabool,24
2019-09-20,Boonville,48,California,7
2019-09-20,Chillicothe,42,Cameron,25
2019-09-20,Neosho,0,Carthage,55
2019-09-20,Kennett,41,Caruthersville,22
2019-09-20,Farmington,23,Central (Cape Girardeau),6
2019-09-20,Camdenton,88,Central (Springfield),0
2019-09-20,Truman,40,Central (St. Joseph),9
2019-09-20,Vianney,0,Chaminade College Prep,44
2019-09-20,Scott City,35,Charleston,7
2019-09-20,De Smet Jesuit,42,Christian Brothers College,14
2019-09-20,Kirksville,12,Clark County,14
2019-09-20,Warrensburg,48,Clinton,12
2019-09-20,St. Paul Lutheran (Concordia),19,Concordia,53
2019-09-20,Holden,40,Crest Ridge,12
2019-09-20,Grandview (Hillsboro),0,Cuba,14
2019-09-20,North County,16,DeSoto,17
2019-09-20,Central (New Madrid County),54,Doniphan,6
2019-09-20,Oak Grove,35,East (Kansas City),14
2019-09-20,Nevada,8,East Newton,35
2019-09-20,Hayti,60,East Prairie,14
2019-09-20,Cole Camp,19,El Dorado Springs,38
2019-09-20,Southern Boone,50,Eldon,28
2019-09-20,Richmond,14,Excelsior Springs,28
2019-09-20,Forsyth,8,Fair Grove,55
2019-09-20,Francis Howell Central,12,Francis Howell,45
2019-09-20,Washington,49,Ft. Zumwalt East,18
2019-09-20,Timberland,48,Ft. Zumwalt South,18
2019-09-20,Troy Buchanan,20,Ft. Zumwalt West,28
2019-09-20,Moberly,34,Fulton,38
2019-09-20,Lebanon,40,Glendale,20
2019-09-20,Pleasant Hill,7,Grandview,48
2019-09-20,Marionville,72,Greenfield,6
2019-09-20,Mexico,14,Hannibal,46
2019-09-20,St. Vincent,35,Herculaneum,0
2019-09-20,Centralia,51,Highland,0
2019-09-20,Waynesville,53,Hillcrest,13
2019-09-20,Festus,14,Hillsboro,39
2019-09-20,Francis Howell North,18,Holt,56
2019-09-20,Sikeston,0,Jackson,53
2019-09-20,Lockwood with Golden City,39,Jasper,8
2019-09-20,SLUH,35,Jefferson City,14
2019-09-20,Winnetonka,14,Kearney,42
2019-09-20,Malden,14,Kelly,35
2019-09-20,Parkway Central,0,Ladue Horton Watkins,42
2019-09-20,Savannah,40,Lafayette (St. Joseph),21
2019-09-20,Eureka,24,Lafayette (Wildwood),22
2019-09-20,Summit Christian Academy,28,Lafayette County,7
2019-09-20,Penney,13,Lathrop,49
2019-09-20,Rock Bridge,10,Lee's Summit West,35
2019-09-20,Brookfield,14,Lexington,38
2019-09-20,Liberty North,14,Liberty,3
2019-09-20,Ava,50,Liberty (Mountain View),14
2019-09-20,Ft. Zumwalt North,42,Liberty (Wentzville),7
2019-09-20,Oakville,0,Lindbergh,48
2019-09-20,Hermann,56,Louisiana,14
2019-09-20,John Burroughs,21,Lutheran South,13
2019-09-20,Duchesne,0,Lutheran St. Charles,51
2019-09-20,Monroe City,46,Macon,41
2019-09-20,Fayette,0,Marceline,27
2019-09-20,Parkway South,0,Marquette,42
2019-09-20,Bolivar,59,Marshall,3
2019-09-20,Springfield Catholic,38,Marshfield,28
2019-09-20,St. Pius X (Kansas City),6,Maryville,62
2019-09-20,Gallatin,23,Maysville with Winston,14
2019-09-20,Hollister,20,McDonald County,6
2019-09-20,North Platte,6,Mid-Buchanan,53
2019-09-20,Diamond,13,Miller,50
2019-09-20,Lamar,7,Monett,28
2019-09-20,Wright City,14,North Callaway,6
2019-09-20,Fort Osage,21,North Kansas City,38
2019-09-20,Central (Kansas City),12,Odessa,76
2019-09-20,Hallsville,47,Osage,0
2019-09-20,Nixa,14,Ozark,20
2019-09-20,Knox County,14,Paris with Faith Walk,12
2019-09-20,Lee's Summit North,3,Park Hill,10
2019-09-20,Rolla,34,Parkview,6
2019-09-20,Fredericktown,14,Perryville,21
2019-09-20,Ash Grove,0,Pierce City,46
2019-09-20,Grain Valley,17,Platte County,18
2019-09-20,Lawson,35,Plattsburg,0
2019-09-20,South Harrison,32,Polo,0
2019-09-20,Chaffee,14,Portageville,44
2019-09-20,Ste. Genevieve,20,Potosi,14
2019-09-20,Milan,24,Princeton with Mercer,25
2019-09-20,Trenton,26,Putnam County,30
2019-09-20,Mt. Vernon,30,Reeds Spring,0
2019-09-20,Joplin,55,Republic,7
2019-09-20,Poplar Bluff,43,Ritenour,34
2019-09-20,Blue Springs South,0,Rockhurst,35
2019-09-20,Kirkwood,27,Rockwood Summit,13
2019-09-20,Oak Park,37,Ruskin,0
2019-09-20,Thayer,36,Salem,0
2019-09-20,Carrollton,41,Salisbury,14
2019-09-20,Pleasant Hope,0,Sarcoxie,48
2019-09-20,Scotland County,42,Schuyler County,0
2019-09-20,Northwest (Cedar Hill),20,Seckman,13
2019-09-20,Cassville,21,Seneca,28
2019-09-20,Midway,16,Slater,35
2019-09-20,Hickman,40,Smith-Cotton,6
2019-09-20,Raytown South,16,Smithville,51
2019-09-20,Mark Twain,12,South Callaway,20
2019-09-20,Palmyra,28,South Shelby,8
2019-09-20,Warrenton,21,St. Charles,14
2019-09-20,Sullivan,6,St. Clair,17
2019-09-20,Father Tolton,28,St. Dominic,50
2019-09-20,St. Mary's South Side,13,St. Francis Borgia,33
2019-09-20,Owensville,23,St. James,6
2019-09-20,Lone Jack with Kingsville,23,St. Michael the Archangel,55
2019-09-20,Jefferson (Festus),7,St. Pius X (Festus),13
2019-09-20,Park Hill South,21,Staley,37
2019-09-20,Strafford,54,Stockton with Sheldon,14
2019-09-20,Knob Noster,45,Tipton,6
2019-09-20,Veritas Christian Academy,0,Trinity Catholic,36
2019-09-20,Pacific,13,Union,49
2019-09-20,Crystal City,0,Valle Catholic,68
2019-09-20,Clopton with Elsberry,41,Van-Far with Community,0
2019-09-20,Blair Oaks,56,Versailles,8
2019-09-20,Sherwood,0,Warsaw,28
2019-09-20,Branson,0,Webb City,42
2019-09-20,Pattonville,20,Webster Groves,41
2019-09-20,Santa Fe,22,Wellington-Napoleon,41
2019-09-20,Kickapoo,19,West Plains,40
2019-09-20,East Buchanan,30,West Platte,14
2019-09-20,Harrisburg,28,Westran,14
2019-09-20,Carl Junction,6,Willard,48
2019-09-20,Raytown,28,William Chrisman,0
2019-09-20,Mountain Grove,7,Willow Springs,14
2019-09-20,Lincoln,40,Windsor,14
2019-09-20,Central (Park Hills),33,Windsor (Imperial),21
2019-09-20,St. Charles West,52,Winfield,24
2019-09-21,Normandy Collaborative,30,Clayton,26
2019-09-21,Hazelwood Central,19,Hazelwood West,26
2019-09-21,Southeast,14,Hogan Prep Academy Charter,26
2019-09-21,McCluer North,28,McCluer,6
2019-09-21,Vashon,46,Miller Career Academy,45
2019-09-21,MICDS,37,Priory,38
2019-09-21,Hazelwood East,40,Riverview Gardens,14
2019-09-21,Bayless,0,Roosevelt with Cleveland NJROTC,46
2019-09-21,Sweet Springs with Malta Bend,52,University Academy Charter,0
2019-09-21,Affton,27,University City,7
2019-09-21,Center,27,Van Horn,20
2019-09-21,Lutheran North,63,Westminster Christian Academy,14
2019-09-26,Wellington-Napoleon,21,Crest Ridge,26
2019-09-26,Excelsior Springs,14,Harrisonville,21
2019-09-26,Hannibal,41,Kirksville,27
2019-09-26,Liberty,14,Lee's Summit North,27
2019-09-26,Adrian,27,Midway,12
2019-09-26,Glendale,52,Parkview,8
2019-09-26,Warrensburg,28,Pleasant Hill,24
2019-09-26,Park Hill,13,Raymore-Peculiar,10
2019-09-26,Platte County,35,Raytown South,6
2019-09-26,Lee's Summit West,40,Staley,0
2019-09-26,Northeast (Kansas City),0,Van Horn,67
2019-09-27,Bayless,7,Affton,55
2019-09-27,Jasper,0,Archie,36
2019-09-27,Miller,55,Ash Grove,0
2019-09-27,Salem,16,Ava,44
2019-09-27,Eldon,6,Blair Oaks,56
2019-09-27,Blue Springs,35,Blue Springs South,17
2019-09-27,Osage,14,Boonville,35
2019-09-27,Versailles,30,California,33
2019-09-27,Hillcrest,7,Camdenton,57
2019-09-27,Ozark,20,Carl Junction,56
2019-09-27,Webb City,32,Carthage,7
2019-09-27,East Newton,7,Cassville,21
2019-09-27,Bolivar,28,Center,12
2019-09-27,Hayti,34,Central (New Madrid County),30
2019-09-27,Liberty North,42,Central (St. Joseph),7
2019-09-27,Brookfield,0,Centralia,34
2019-09-27,Scott City,55,Chaffee,0
2019-09-27,St. Pius X (Kansas City),17,Chillicothe,21
2019-09-27,Sherwood,12,Cole Camp,46
2019-09-27,Wellington-Napoleon,21,Crest Ridge,26
2019-09-27,Dexter,32,Doniphan,0
2019-09-27,Trinity Catholic,48,Duchesne,0
2019-09-27,Central (Kansas City),20,East (Kansas City),50
2019-09-27,Plattsburg,7,East Buchanan,36
2019-09-27,Malden,30,East Prairie,35
2019-09-27,Butler,14,El Dorado Springs,46
2019-09-27,Parkway South,7,Eureka,56
2019-09-27,Stockton with Sheldon,12,Fair Grove,56
2019-09-27,Poplar Bluff,20,Farmington,49
2019-09-27,Westran,18,Fayette,21
2019-09-27,DeSoto,38,Festus,20
2019-09-27,Pierce City,56,Forsyth,0
2019-09-27,Oak Park,14,Fort Osage,24
2019-09-27,Troy Buchanan,24,Francis Howell,42
2019-09-27,Holt,45,Francis Howell Central,7
2019-09-27,Ft. Zumwalt West,45,Francis Howell North,6
2019-09-27,Potosi,24,Fredericktown,21
2019-09-27,Ft. Zumwalt South,0,Ft. Zumwalt North,63
2019-09-27,Marshall,48,Fulton,8
2019-09-27,Polo,0,Gallatin,41
2019-09-27,Vashon,20,Gateway,38
2019-09-27,Winnetonka,20,Grain Valley,41
2019-09-27,Valle Catholic,55,Grandview (Hillsboro),18
2019-09-27,Sarcoxie,52,Greenfield,0
2019-09-27,St. Pius X (Festus),41,Herculaneum,0
2019-09-27,Owensville,38,Hermann,46
2019-09-27,Rock Bridge,39,Hickman,8
2019-09-27,Palmyra,37,Highland,0
2019-09-27,Lexington,46,Holden,16
2019-09-27,Marshfield,42,Hollister,21
2019-09-27,Battle,12,Jackson,56
2019-09-27,Crystal City,0,Jefferson (Festus),54
2019-09-27,Chaminade College Prep,50,Jefferson City,21
2019-09-27,Branson,7,Joplin,48
2019-09-27,Grandview,14,Kearney,17
2019-09-27,Charleston,24,Kelly,10
2019-09-27,North County,6,Kennett,45
2019-09-27,Rolla,7,Kickapoo,33
2019-09-27,Hannibal,41,Kirksville,27
2019-09-27,Pattonville,17,Kirkwood,38
2019-09-27,Carrollton,7,Knob Noster,65
2019-09-27,Harrisburg,36,Knox County,6
2019-09-27,Clayton,0,Ladue Horton Watkins,43
2019-09-27,Seneca,15,Lamar,11
2019-09-27,West Plains,36,Lebanon,35
2019-09-27,Willow Springs,12,Liberty (Mountain View),35
2019-09-27,Sweet Springs with Malta Bend,12,Lincoln,49
2019-09-27,St. Paul Lutheran (Concordia),14,Lone Jack with Kingsville,35
2019-09-27,Schuyler County,50,Louisiana,20
2019-09-27,Lutheran South,8,Lutheran North,90
2019-09-27,St. Charles,0,Lutheran St. Charles,54
2019-09-27,Paris with Faith Walk,6,Marceline,41
2019-09-27,Diamond,13,Marionville,42
2019-09-27,Lindbergh,14,Marquette,37
2019-09-27,Cameron,0,Maryville,61
2019-09-27,Clinton,6,Mexico,62
2019-09-27,Putnam County,14,Milan,13
2019-09-27,Macon,32,Moberly,42
2019-09-27,Logan-Rogersville,14,Monett,46
2019-09-27,Mark Twain,16,Montgomery County,44
2019-09-27,Cabool,27,Mountain Grove,0
2019-09-27,Aurora,0,Mt. Vernon,46
2019-09-27,Nixa,20,Neosho,6
2019-09-27,McDonald County,35,Nevada,0
2019-09-27,Belton,13,North Kansas City,42
2019-09-27,Lawson,41,North Platte,6
2019-09-27,Lafayette (Wildwood),35,Northwest (Cedar Hill),7
2019-09-27,Odessa,42,Oak Grove,10
2019-09-27,Fox,49,Oakville,21
2019-09-27,Winfield,26,Orchard Farm,47
2019-09-27,Sullivan,28,Pacific,12
2019-09-27,Lee's Summit,45,Park Hill South,35
2019-09-27,Parkway Central,13,Parkway North,21
2019-09-27,Lincoln College Prep,30,Pembroke Hill,7
2019-09-27,Mid-Buchanan,35,Penney,0
2019-09-27,Lockwood with Golden City,54,Pleasant Hope,16
2019-09-27,Caruthersville,48,Portageville,6
2019-09-27,Missouri Military Academy,27,Principia,34
2019-09-27,Park Hill,13,Raymore-Peculiar,10
2019-09-27,Ruskin,6,Raytown,48
2019-09-27,Platte County,35,Raytown South,6
2019-09-27,Willard,43,Republic,48
2019-09-27,Lafayette County,26,Richmond,16
2019-09-27,Parkway West,14,Rockwood Summit,34
2019-09-27,Concordia,28,Santa Fe,42
2019-09-27,Benton,14,Savannah,58
2019-09-27,Salisbury,6,Scotland County,46
2019-09-27,Mehlville,38,Seckman,14
2019-09-27,Central (Cape Girardeau),33,Sikeston,0
2019-09-27,Summit Christian Academy,48,Skyline,38
2019-09-27,Tipton,6,Slater,48
2019-09-27,Christian Brothers College,45,SLUH,14
2019-09-27,Smith-Cotton,0,Smithville,48
2019-09-27,Bowling Green,20,South Callaway,10
2019-09-27,Maysville with Winston,21,South Harrison,26
2019-09-27,Clark County,38,South Shelby,0
2019-09-27,Hallsville,33,Southern Boone,21
2019-09-27,Reeds Spring,28,Springfield Catholic,15
2019-09-27,Warrenton,21,St. Charles West,49
2019-09-27,Union,12,St. Clair,32
2019-09-27,Helias Catholic,47,St. Francis Borgia,7
2019-09-27,Cuba,30,St. James,13
2019-09-27,St. Dominic,14,St. Mary's South Side,33
2019-09-27,Southeast,14,St. Michael the Archangel,38
2019-09-27,Perryville,21,St. Vincent,40
2019-09-27,Central (Park Hills),31,Ste. Genevieve,14
2019-09-27,Houston,0,Thayer,47
2019-09-27,Ft. Zumwalt East,14,Timberland,56
2019-09-27,Princeton with Mercer,21,Trenton,7
2019-09-27,William Chrisman,15,Truman,13
2019-09-27,North Callaway,64,Van-Far with Community,20
2019-09-27,Bishop DuBourg with Hancock,14,Veritas Christian Academy,42
2019-09-27,De Smet Jesuit,52,Vianney,14
2019-09-27,Buffalo,42,Warsaw,6
2019-09-27,Liberty (Wentzville),15,Washington,22
2019-09-27,Central (Springfield),0,Waynesville,77
2019-09-27,Ritenour,7,Webster Groves,48
2019-09-27,Lathrop,47,West Platte,0
2019-09-27,Strafford,20,Windsor,45
2019-09-27,Hillsboro,25,Windsor (Imperial),13
2019-09-27,Clopton with Elsberry,14,Wright City,20
2019-09-28,Lift for Life Academy Charter,21,Brentwood,0
2019-09-28,Hazelwood Central,19,Hazelwood East,28
2019-09-28,Harrisburg,36,Knox County,6
2019-09-28,Carnahan,0,Lafayette (St. Joseph),63
2019-09-28,Hazelwood West,26,McCluer,14
2019-09-28,Riverview Gardens,12,McCluer North,60
2019-09-28,John Burroughs,22,MICDS,43
2019-09-28,Westminster Christian Academy,42,Priory,28
2019-10-03,Glendale,26,Kickapoo,21
2019-10-04,Diamond,0,Adrian,45
2019-10-04,Springfield Catholic,34,Aurora,14
2019-10-04,Hickman,37,Battle,67
2019-10-04,Kearney,38,Belton,7
2019-10-04,Maryville,47,Benton,7
2019-10-04,Duchesne,53,Bishop DuBourg with Hancock,8
2019-10-04,Raymore-Peculiar,41,Blue Springs,29
2019-10-04,Union,14,Bolivar,60
2019-10-04,Versailles,21,Boonville,48
2019-10-04,North Callaway,22,Bowling Green,21
2019-10-04,Carthage,16,Branson,7
2019-10-04,Principia,15,Brentwood,30
2019-10-04,Highland,0,Brookfield,33
2019-10-04,Cole Camp,15,Buffalo,42
2019-10-04,Warsaw,54,Butler,26
2019-10-04,Thayer,27,Cabool,0
2019-10-04,Savannah,55,Cameron,7
2019-10-04,Richmond,57,Carrollton,8
2019-10-04,Poplar Bluff,0,Central (Cape Girardeau),36
2019-10-04,Mexico,10,Centralia,13
2019-10-04,Sikeston,27,Charleston,12
2019-10-04,Lafayette (St. Joseph),13,Chillicothe,14
2019-10-04,Macon,0,Clark County,20
2019-10-04,Parkway West,49,Clayton,0
2019-10-04,Center,47,Clinton,0
2019-10-04,South Callaway,49,Clopton with Elsberry,43
2019-10-04,St. Vincent,42,Crystal City,0
2019-10-04,Chaminade College Prep,31,De Smet Jesuit,32
2019-10-04,Fredericktown,28,DeSoto,39
2019-10-04,Caruthersville,56,Dexter,7
2019-10-04,Lamar,49,East Newton,14
2019-10-04,Chaffee,2,East Prairie,53
2019-10-04,Stockton with Sheldon,34,El Dorado Springs,48
2019-10-04,California,36,Eldon,44
2019-10-04,Jackson,35,Farmington,14
2019-10-04,Helias Catholic,38,Father Tolton,0
2019-10-04,Windsor (Imperial),0,Festus,27
2019-10-04,Pembroke Hill,35,Forsyth,0
2019-10-04,Marquette,37,Fox,7
2019-10-04,Francis Howell Central,42,Francis Howell North,35
2019-10-04,Washington,13,Ft. Zumwalt North,56
2019-10-04,Ft. Zumwalt East,20,Ft. Zumwalt South,14
2019-10-04,Roosevelt with Cleveland NJROTC,58,Gateway,20
2019-10-04,Herculaneum,22,Grandview (Hillsboro),28
2019-10-04,Blair Oaks,35,Hallsville,0
2019-10-04,Fulton,20,Hannibal,69
2019-10-04,Missouri Military Academy,26,Harrisburg,56
2019-10-04,Central (Springfield),12,Hillcrest,54
2019-10-04,Ava,46,Houston,8
2019-10-04,Neosho,21,Joplin,56
2019-10-04,Doniphan,6,Kelly,42
2019-10-04,Central (New Madrid County),6,Kennett,50
2019-10-04,Holden,14,Lafayette County,42
2019-10-04,Lathrop,38,Lawson,13
2019-10-04,Camdenton,28,Lebanon,0
2019-10-04,Central (St. Joseph),0,Lee's Summit,50
2019-10-04,Lee's Summit North,21,Lee's Summit West,14
2019-10-04,Knob Noster,22,Lexington,14
2019-10-04,Park Hill South,29,Liberty,21
2019-10-04,Staley,12,Liberty North,24
2019-10-04,East (Kansas City),7,Lincoln College Prep,27
2019-10-04,Eureka,37,Lindbergh,14
2019-10-04,Ash Grove,28,Lockwood with Golden City,26
2019-10-04,Mt. Vernon,32,Logan-Rogersville,7
2019-10-04,Slater,24,Lone Jack with Kingsville,0
2019-10-04,MICDS,14,Lutheran North,61
2019-10-04,Hayti,56,Malden,14
2019-10-04,Van-Far with Community,14,Mark Twain,26
2019-10-04,Moberly,10,Marshall,7
2019-10-04,Cassville,48,McDonald County,6
2019-10-04,Northwest (Cedar Hill),13,Mehlville,41
2019-10-04,East Buchanan,6,Mid-Buchanan,46
2019-10-04,St. Michael the Archangel,6,Midway,28
2019-10-04,Trenton,14,Milan,30
2019-10-04,South Shelby,12,Monroe City,38
2019-10-04,Wright City,12,Montgomery County,34
2019-10-04,Liberty (Mountain View),46,Mountain Grove,7
2019-10-04,Marshfield,38,Nevada,6
2019-10-04,Carl Junction,14,Nixa,21
2019-10-04,Affton,56,Normandy Collaborative,20
2019-10-04,Hillsboro,36,North County,42
2019-10-04,West Platte,26,North Platte,44
2019-10-04,Grandview,27,Oak Park,6
2019-10-04,Excelsior Springs,7,Odessa,49
2019-10-04,St. Charles West,42,Orchard Farm,6
2019-10-04,Pacific,2,Owensville,40
2019-10-04,Republic,49,Ozark,51
2019-10-04,Kirksville,6,Palmyra,33
2019-10-04,Fayette,21,Paris with Faith Walk,8
2019-10-04,Fort Osage,0,Park Hill,35
2019-10-04,Webster Groves,35,Parkway Central,0
2019-10-04,Ladue Horton Watkins,27,Parkway North,7
2019-10-04,Lafayette (Wildwood),47,Parkway South,0
2019-10-04,Rockwood Summit,21,Pattonville,14
2019-10-04,Plattsburg,2,Penney,7
2019-10-04,Marionville,0,Pierce City,40
2019-10-04,Smithville,0,Platte County,15
2019-10-04,Oak Grove,42,Pleasant Hill,7
2019-10-04,Greenfield,54,Pleasant Hope,24
2019-10-04,Maysville with Winston,49,Polo,0
2019-10-04,Central (Park Hills),38,Potosi,15
2019-10-04,Princeton with Mercer,19,Putnam County,4
2019-10-04,Grain Valley,7,Raytown,33
2019-10-04,Ruskin,6,Raytown South,26
2019-10-04,Hollister,14,Reeds Spring,35
2019-10-04,Jefferson City,28,Rock Bridge,41
2019-10-04,Waynesville,49,Rolla,35
2019-10-04,Willow Springs,21,Salem,22
2019-10-04,Knox County,0,Salisbury,21
2019-10-04,Miller,31,Sarcoxie,12
2019-10-04,Marceline,41,Schuyler County,0
2019-10-04,Portageville,16,Scott City,62
2019-10-04,Oakville,13,Seckman,35
2019-10-04,Monett,35,Seneca,28
2019-10-04,Archie,22,Sherwood,20
2019-10-04,Gallatin,14,South Harrison,22
2019-10-04,Osage,21,Southern Boone,40
2019-10-04,St. James,8,St. Clair,62
2019-10-04,St. Francis Borgia,41,St. Dominic,21
2019-10-04,Crest Ridge,53,St. Paul Lutheran (Concordia),16
2019-10-04,Cuba,22,St. Pius X (Festus),43
2019-10-04,Perryville,27,Ste. Genevieve,42
2019-10-04,Fair Grove,27,Strafford,8
2019-10-04,Hermann,6,Sullivan,21
2019-10-04,University Academy Charter,6,Summit Christian Academy,63
2019-10-04,Santa Fe,6,Sweet Springs with Malta Bend,56
2019-10-04,Liberty (Wentzville),14,Timberland,3
2019-10-04,Lincoln,49,Tipton,0
2019-10-04,Lutheran St. Charles,14,Trinity Catholic,34
2019-10-04,Holt,41,Troy Buchanan,31
2019-10-04,North Kansas City,52,Truman,18
2019-10-04,Jefferson (Festus),13,Valle Catholic,44
2019-10-04,Lift for Life Academy Charter,48,Vashon,0
2019-10-04,SLUH,48,Vianney,28
2019-10-04,Harrisonville,14,Warrensburg,13
2019-10-04,Willard,21,Webb City,49
2019-10-04,Concordia,61,Wellington-Napoleon,43
2019-10-04,Parkview,0,West Plains,68
2019-10-04,Scotland County,44,Westran,7
2019-10-04,Blue Springs South,50,William Chrisman,13
2019-10-04,Jasper,12,Windsor,52
2019-10-04,St. Charles,26,Winfield,12
2019-10-04,Van Horn,39,Winnetonka,61
2019-10-05,Southeast,22,Central (Kansas City),36
2019-10-05,Francis Howell,31,Ft. Zumwalt West,10
2019-10-05,McCluer,30,Hazelwood Central,22
2019-10-05,Priory,44,John Burroughs,35
2019-10-05,Hazelwood East,14,McCluer North,32
2019-10-05,Carnahan,0,Miller Career Academy,36
2019-10-05,Kirkwood,49,Ritenour,6
2019-10-05,Hazelwood West,43,Riverview Gardens,8
2019-10-05,Holt,41,Troy Buchanan,31
2019-10-05,Hogan Prep Academy Charter,34,Warrenton,26
2019-10-05,Lutheran South,0,Westminster Christian Academy,35
2019-10-10,Gateway,26,Affton,36
2019-10-10,Lutheran North,49,John Burroughs,6
2019-10-11,Windsor,14,Adrian,41
2019-10-11,Greenfield,6,Ash Grove,36
2019-10-11,Thayer,6,Ava,12
2019-10-11,Rockhurst,29,Battle,0
2019-10-11,Valle Catholic,78,Bayless,8
2019-10-11,St. Pius X (Kansas City),6,Benton,36
2019-10-11,Southern Boone,0,Blair Oaks,40
2019-10-11,Park Hill,21,Blue Springs South,20
2019-10-11,Sherwood,8,Buffalo,48
2019-10-11,Liberty (Mountain View),55,Cabool,26
2019-10-11,Hallsville,38,California,0
2019-10-11,Lafayette (St. Joseph),35,Cameron,21
2019-10-11,Neosho,6,Carl Junction,17
2019-10-11,Nevada,14,Cassville,42
2019-10-11,Potosi,36,Central (New Madrid County),38
2019-10-11,Perryville,6,Central (Park Hills),7
2019-10-11,Staley,56,Central (St. Joseph),13
2019-10-11,Doniphan,19,Chaffee,0
2019-10-11,Vianney,7,Christian Brothers College,49
2019-10-11,Bolivar,49,Clinton,7
2019-10-11,Mark Twain,14,Clopton with Elsberry,7
2019-10-11,Lone Jack with Kingsville,10,Concordia,42
2019-10-11,Sweet Springs with Malta Bend,22,Crest Ridge,28
2019-10-11,Herculaneum,45,Crystal City,8
2019-10-11,Missouri Military Academy,12,Cuba,34
2019-10-11,Jefferson City,0,De Smet Jesuit,63
2019-10-11,Pleasant Hope,14,Diamond,48
2019-10-11,Veritas Christian Academy,14,Duchesne,21
2019-10-11,Northeast (Kansas City),7,East (Kansas City),53
2019-10-11,Lawson,48,East Buchanan,8
2019-10-11,Warsaw,20,El Dorado Springs,12
2019-10-11,Boonville,56,Eldon,26
2019-10-11,Kirkwood,6,Eureka,21
2019-10-11,Oak Grove,22,Excelsior Springs,35
2019-10-11,Butler,12,Fair Grove,56
2019-10-11,St. Mary's South Side,44,Father Tolton,6
2019-10-11,Harrisburg,6,Fayette,45
2019-10-11,Pacific,32,Festus,35
2019-10-11,Raytown,28,Fort Osage,32
2019-10-11,Hazelwood East,0,Fox,35
2019-10-11,Francis Howell North,7,Francis Howell,48
2019-10-11,Troy Buchanan,27,Francis Howell Central,14
2019-10-11,Ste. Genevieve,36,Fredericktown,28
2019-10-11,Ft. Zumwalt North,64,Ft. Zumwalt East,26
2019-10-11,Southeast,14,Fulton,62
2019-10-11,Milan,0,Gallatin,7
2019-10-11,Camdenton,50,Glendale,42
2019-10-11,Kearney,7,Grain Valley,15
2019-10-11,Raytown South,6,Grandview,32
2019-10-11,Pleasant Hill,13,Harrisonville,42
2019-10-11,Scott City,41,Hayti,46
2019-10-11,St. Clair,28,Hermann,20
2019-10-11,North Kansas City,38,Hickman,35
2019-10-11,DeSoto,12,Hillsboro,27
2019-10-11,Richmond,36,Holden,20
2019-10-11,Aurora,6,Hollister,20
2019-10-11,Ft. Zumwalt West,24,Holt,7
2019-10-11,Midway,61,Jasper,20
2019-10-11,Grandview (Hillsboro),7,Jefferson (Festus),48
2019-10-11,Dexter,6,Kennett,56
2019-10-11,Central (Springfield),0,Kickapoo,57
2019-10-11,Mexico,34,Kirksville,20
2019-10-11,Lafayette County,16,Knob Noster,12
2019-10-11,Scotland County,30,Knox County,0
2019-10-11,Parkway North,0,Lafayette (Wildwood),41
2019-10-11,McDonald County,28,Lamar,49
2019-10-11,North Platte,6,Lathrop,69
2019-10-11,Lee's Summit,27,Lee's Summit North,15
2019-10-11,Carrollton,19,Lexington,60
2019-10-11,Lee's Summit West,20,Liberty,23
2019-10-11,Ft. Zumwalt South,7,Liberty (Wentzville),42
2019-10-11,Blue Springs,14,Liberty North,31
2019-10-11,Santa Fe,12,Lincoln,63
2019-10-11,Priory,35,Lutheran South,0
2019-10-11,Bishop DuBourg with Hancock,0,Lutheran St. Charles,62
2019-10-11,Brookfield,22,Macon,36
2019-10-11,Charleston,28,Malden,20
2019-10-11,Salisbury,12,Marceline,47
2019-10-11,Pattonville,20,Marquette,38
2019-10-11,Reeds Spring,7,Marshfield,32
2019-10-11,Princeton with Mercer,27,Maysville with Winston,18
2019-10-11,Lockwood with Golden City,28,Miller,34
2019-10-11,Hannibal,31,Moberly,17
2019-10-11,East Newton,0,Monett,47
2019-10-11,Helias Catholic,49,Monroe City,24
2019-10-11,Branson,3,Nixa,41
2019-10-11,Montgomery County,22,North Callaway,28
2019-10-11,Hazelwood West,14,Northwest (Cedar Hill),10
2019-10-11,Belton,0,Oak Park,21
2019-10-11,McCluer North,36,Oakville,0
2019-10-11,Joplin,50,Ozark,14
2019-10-11,Clark County,38,Palmyra,24
2019-10-11,Louisiana,28,Paris with Faith Walk,50
2019-10-11,Truman,0,Park Hill South,38
2019-10-11,Hillcrest,27,Parkview,14
2019-10-11,Clayton,7,Parkway Central,42
2019-10-11,Rockwood Summit,45,Parkway South,6
2019-10-11,Ladue Horton Watkins,36,Parkway West,7
2019-10-11,Central (Kansas City),22,Pembroke Hill,42
2019-10-11,St. Michael the Archangel,0,Pierce City,43
2019-10-11,Mid-Buchanan,42,Plattsburg,0
2019-10-11,Putnam County,27,Polo,0
2019-10-11,Jackson,68,Poplar Bluff,19
2019-10-11,East Prairie,41,Portageville,6
2019-10-11,Platte County,7,Raymore-Peculiar,47
2019-10-11,Webb City,49,Republic,6
2019-10-11,Smith-Cotton,21,Rock Bridge,48
2019-10-11,Lebanon,43,Rolla,7
2019-10-11,William Chrisman,25,Ruskin,7
2019-10-11,Mountain Grove,0,Salem,6
2019-10-11,Marionville,18,Sarcoxie,21
2019-10-11,Chillicothe,14,Savannah,49
2019-10-11,Westran,25,Schuyler County,20
2019-10-11,Mt. Vernon,21,Seneca,12
2019-10-11,Farmington,42,Sikeston,0
2019-10-11,Chaminade College Prep,18,SLUH,13
2019-10-11,Centralia,20,South Shelby,0
2019-10-11,Logan-Rogersville,14,Springfield Catholic,33
2019-10-11,Orchard Farm,28,St. Charles,34
2019-10-11,Central (Cape Girardeau),40,St. Charles West,39
2019-10-11,Kelly,14,St. Dominic,21
2019-10-11,Wellington-Napoleon,55,St. Paul Lutheran (Concordia),19
2019-10-11,St. Pius X (Festus),30,St. Vincent,6
2019-10-11,Forsyth,8,Stockton with Sheldon,46
2019-10-11,Skyline,29,Strafford,20
2019-10-11,St. James,0,Sullivan,49
2019-10-11,Cole Camp,43,Tipton,6
2019-10-11,South Harrison,30,Trenton,13
2019-10-11,Owensville,12,Union,48
2019-10-11,Summit Christian Academy,35,Van Horn,0
2019-10-11,South Callaway,50,Van-Far with Community,0
2019-10-11,Osage,13,Versailles,34
2019-10-11,Odessa,54,Warrensburg,6
2019-10-11,Timberland,7,Washington,12
2019-10-11,West Plains,35,Waynesville,19
2019-10-11,Lindbergh,35,Webster Groves,37
2019-10-11,Penney,28,West Platte,6
2019-10-11,Carthage,35,Willard,14
2019-10-11,Houston,12,Willow Springs,13
2019-10-11,North County,41,Windsor (Imperial),13
2019-10-11,Warrenton,21,Winfield,19
2019-10-11,Smithville,38,Winnetonka,14
2019-10-11,Bowling Green,0,Wright City,6
2019-10-12,Confluence Prep Academy Charter,8,Caruthersville,60
2019-10-12,Ritenour,0,Hazelwood Central,46
2019-10-12,Marshall,22,Hogan Prep Academy Charter,28
2019-10-12,Seckman,7,McCluer,26
2019-10-12,Westminster Christian Academy,14,MICDS,42
2019-10-12,Trinity Catholic,36,Miller Career Academy,6
2019-10-12,Lift for Life Academy Charter,43,Principia,0
2019-10-12,Mehlville,42,Riverview Gardens,6
2019-10-12,Vashon,6,Roosevelt with Cleveland NJROTC,56
2019-10-12,Archie,38,University Academy Charter,42
2019-10-12,Lincoln College Prep,48,University City,0
2019-10-17,Parkway Central,41,Parkway West,28
2019-10-17,Miller Career Academy,16,Roosevelt with Cleveland NJROTC,32
2019-10-18,Jasper,0,Adrian,41
2019-10-18,Marshfield,40,Aurora,22
2019-10-18,Cabool,6,Ava,39
2019-10-18,Raytown,49,Belton,13
2019-10-18,Lee's Summit West,20,Blue Springs,24
2019-10-18,Hallsville,27,Boonville,14
2019-10-18,Clopton with Elsberry,6,Bowling Green,35
2019-10-18,Carl Junction,36,Branson,7
2019-10-18,Confluence Prep Academy Charter,0,Brentwood,28
2019-10-18,South Shelby,28,Brookfield,20
2019-10-18,Fair Grove,34,Buffalo,14
2019-10-18,Southern Boone,21,California,14
2019-10-18,Rolla,14,Camdenton,49
2019-10-18,Benton,28,Cameron,39
2019-10-18,Holden,42,Carrollton,21
2019-10-18,Republic,34,Carthage,54
2019-10-18,Hayti,26,Caruthersville,16
2019-10-18,Reeds Spring,7,Cassville,42
2019-10-18,Sikeston,28,Central (New Madrid County),20
2019-10-18,Dexter,0,Central (Park Hills),34
2019-10-18,West Plains,69,Central (Springfield),0
2019-10-18,Liberty,49,Central (St. Joseph),7
2019-10-18,Jefferson (Festus),62,Chaffee,22
2019-10-18,Poplar Bluff,20,Chaminade College Prep,62
2019-10-18,Monroe City,0,Clark County,42
2019-10-18,Parkway North,55,Clayton,2
2019-10-18,Butler,22,Cole Camp,35
2019-10-18,Crest Ridge,56,Concordia,28
2019-10-18,Central (Cape Girardeau),0,De Smet Jesuit,63
2019-10-18,Ste. Genevieve,42,DeSoto,7
2019-10-18,Sarcoxie,61,Diamond,6
2019-10-18,Fredericktown,54,Doniphan,11
2019-10-18,Southeast,14,East (Kansas City),55
2019-10-18,Seneca,41,East Newton,26
2019-10-18,Charleston,0,East Prairie,36
2019-10-18,Marquette,13,Eureka,28
2019-10-18,Warrensburg,33,Excelsior Springs,27
2019-10-18,Seckman,26,Fox,41
2019-10-18,Ft. Zumwalt West,49,Francis Howell Central,20
2019-10-18,Waynesville,28,Glendale,24
2019-10-18,St. Vincent,46,Grandview (Hillsboro),12
2019-10-18,Marshall,15,Hannibal,63
2019-10-18,Scotland County,44,Harrisburg,34
2019-10-18,Rock Bridge,20,Helias Catholic,27
2019-10-18,Valle Catholic,61,Herculaneum,14
2019-10-18,Kickapoo,42,Hillcrest,7
2019-10-18,Jackson,56,Hillsboro,0
2019-10-18,Francis Howell,55,Holt,14
2019-10-18,Mountain Grove,14,Houston,28
2019-10-18,Battle,54,Jefferson City,35
2019-10-18,Nixa,14,Joplin,45
2019-10-18,Raytown South,0,Kearney,35
2019-10-18,Scott City,49,Kelly,7
2019-10-18,Moberly,14,Kirksville,12
2019-10-18,Pattonville,7,Ladue Horton Watkins,43
2019-10-18,St. Pius X (Kansas City),13,Lafayette (St. Joseph),46
2019-10-18,Lexington,6,Lafayette County,14
2019-10-18,Plattsburg,0,Lathrop,61
2019-10-18,Penney,7,Lawson,36
2019-10-18,Parkview,20,Lebanon,60
2019-10-18,Liberty North,31,Lee's Summit,7
2019-10-18,Raymore-Peculiar,35,Lee's Summit North,23
2019-10-18,Salem,12,Liberty (Mountain View),55
2019-10-18,Ft. Zumwalt East,6,Liberty (Wentzville),21
2019-10-18,Lafayette (Wildwood),17,Lindbergh,0
2019-10-18,Greenfield,12,Lockwood with Golden City,51
2019-10-18,Hollister,30,Logan-Rogersville,20
2019-10-18,Farmington,10,Lutheran North,38
2019-10-18,Palmyra,22,Macon,8
2019-10-18,Kennett,51,Malden,0
2019-10-18,Ash Grove,0,Marionville,49
2019-10-18,North Callaway,46,Mark Twain,8
2019-10-18,Savannah,14,Maryville,28
2019-10-18,Monett,47,McDonald County,0
2019-10-18,Parkway South,19,Mehlville,49
2019-10-18,Fulton,6,Mexico,42
2019-10-18,Archie,7,Midway,37
2019-10-18,Pierce City,13,Miller,7
2019-10-18,St. Paul Lutheran (Concordia),29,Missouri Military Academy,22
2019-10-18,Van-Far with Community,26,Montgomery County,42
2019-10-18,Springfield Catholic,14,Mt. Vernon,20
2019-10-18,Willard,28,Neosho,7
2019-10-18,Lamar,42,Nevada,0
2019-10-18,Oak Park,20,North Kansas City,50
2019-10-18,East Buchanan,20,North Platte,39
2019-10-18,Harrisonville,20,Oak Grove,17
2019-10-18,Northwest (Cedar Hill),21,Oakville,13
2019-10-18,Pleasant Hill,7,Odessa,57
2019-10-18,Warrenton,35,Orchard Farm,18
2019-10-18,Blair Oaks,57,Osage,7
2019-10-18,Sullivan,52,Owensville,0
2019-10-18,Hermann,34,Pacific,14
2019-10-18,Schuyler County,0,Paris with Faith Walk,47
2019-10-18,Blue Springs South,41,Park Hill South,30
2019-10-18,Winnetonka,14,Platte County,20
2019-10-18,North County,6,Potosi,14
2019-10-18,Gallatin,20,Princeton with Mercer,14
2019-10-18,Maysville with Winston,7,Putnam County,28
2019-10-18,Knob Noster,7,Richmond,50
2019-10-18,Rockwood Summit,63,Ritenour,20
2019-10-18,Christian Brothers College,14,Rockhurst,31
2019-10-18,Grain Valley,35,Ruskin,0
2019-10-18,Fayette,54,Salisbury,16
2019-10-18,Tipton,20,Santa Fe,8
2019-10-18,El Dorado Springs,24,Skyline,41
2019-10-18,Clinton,22,Smith-Cotton,45
2019-10-18,Grandview,0,Smithville,17
2019-10-18,Wright City,34,South Callaway,29
2019-10-18,Milan,14,South Harrison,22
2019-10-18,St. Charles West,40,St. Charles,12
2019-10-18,Lutheran St. Charles,0,St. Clair,28
2019-10-18,MICDS,21,St. Dominic,24
2019-10-18,Festus,26,St. Francis Borgia,34
2019-10-18,Union,70,St. James,0
2019-10-18,Vianney,14,St. Mary's South Side,24
2019-10-18,Center,35,St. Michael the Archangel,6
2019-10-18,Crystal City,0,St. Pius X (Festus),49
2019-10-18,Park Hill,10,Staley,13
2019-10-18,Pleasant Hope,6,Stockton with Sheldon,80
2019-10-18,Forsyth,8,Strafford,38
2019-10-18,Pembroke Hill,0,Summit Christian Academy,55
2019-10-18,Lone Jack with Kingsville,0,Sweet Springs with Malta Bend,62
2019-10-18,Willow Springs,20,Thayer,34
2019-10-18,Ft. Zumwalt North,42,Timberland,0
2019-10-18,Polo,12,Trenton,48
2019-10-18,SLUH,24,Trinity Catholic,16
2019-10-18,Francis Howell North,21,Troy Buchanan,56
2019-10-18,Hickman,48,Truman,10
2019-10-18,Eldon,26,Versailles,49
2019-10-18,Father Tolton,20,Warsaw,44
2019-10-18,Ft. Zumwalt South,13,Washington,59
2019-10-18,Ozark,0,Webb City,65
2019-10-18,Lincoln,49,Wellington-Napoleon,0
2019-10-18,Mid-Buchanan,49,West Platte,0
2019-10-18,Marceline,36,Westran,0
2019-10-18,Fort Osage,35,William Chrisman,0
2019-10-18,Slater,13,Windsor,28
2019-10-18,Cuba,45,Windsor (Imperial),20
2019-10-18,Duchesne,37,Winfield,13
2019-10-19,Lincoln College Prep,75,Central (Kansas City),0
2019-10-19,Carnahan,0,Gateway,36
2019-10-19,Riverview Gardens,14,Hazelwood Central,55
2019-10-19,McCluer,34,Hazelwood East,22
2019-10-19,McCluer North,22,Hazelwood West,31
2019-10-19,Northeast (Kansas City),6,Hogan Prep Academy Charter,50
2019-10-19,Principia,14,John Burroughs,35
2019-10-19,Highland,28,Knox County,22
2019-10-19,University City,26,Normandy Collaborative,12
2019-10-19,Portageville,6,Perryville,48
2019-10-19,Van Horn,55,University Academy Charter,24
2019-10-19,Veritas Christian Academy,13,Westminster Christian Academy,29
2019-10-24,Lutheran St. Charles,53,Jennings,0
2019-10-25,Clayton,42,Affton,60
2019-10-25,Windsor,46,Archie,30
2019-10-25,Sarcoxie,14,Ash Grove,12
2019-10-25,Hannibal,28,Battle,34
2019-10-25,Windsor (Imperial),48,Bayless,0
2019-10-25,William Chrisman,30,Belton,14
2019-10-25,California,0,Blair Oaks,41
2019-10-25,Lee's Summit North,28,Blue Springs South,21
2019-10-25,Clark County,39,Brookfield,6
2019-10-25,Midway,28,Butler,8
2019-10-25,Salem,27,Cabool,21
2019-10-25,Kickapoo,0,Camdenton,35
2019-10-25,Joplin,48,Carl Junction,17
2019-10-25,Central (New Madrid County),30,Caruthersville,52
2019-10-25,Smith-Cotton,6,Center,55
2019-10-25,Bolivar,59,Central (Cape Girardeau),35
2019-10-25,Rolla,58,Central (Springfield),6
2019-10-25,Macon,7,Centralia,21
2019-10-25,Kelly,55,Chaffee,0
2019-10-25,Lutheran North,43,Chaminade College Prep,14
2019-10-25,Herculaneum,14,Charleston,35
2019-10-25,Benton,7,Chillicothe,42
2019-10-25,Montgomery County,42,Clopton with Elsberry,24
2019-10-25,Grandview (Hillsboro),47,Crystal City,0
2019-10-25,Principia,25,Cuba,20
2019-10-25,Helias Catholic,3,De Smet Jesuit,49
2019-10-25,Malden,20,Dexter,0
2019-10-25,Orchard Farm,6,Duchesne,36
2019-10-25,University Academy Charter,14,East (Kansas City),46
2019-10-25,Lathrop,56,East Buchanan,12
2019-10-25,Springfield Catholic,28,East Newton,21
2019-10-25,Adrian,26,El Dorado Springs,21
2019-10-25,Osage,44,Eldon,24
2019-10-25,Central (Park Hills),14,Farmington,49
2019-10-25,Veritas Christian Academy,42,Father Tolton,3
2019-10-25,Knox County,8,Fayette,38
2019-10-25,Buffalo,42,Forsyth,20
2019-10-25,Ruskin,0,Fort Osage,42
2019-10-25,Washington,22,Francis Howell North,21
2019-10-25,East Prairie,35,Fredericktown,36
2019-10-25,Francis Howell Central,0,Ft. Zumwalt North,49
2019-10-25,Parkway West,35,Ft. Zumwalt South,7
2019-10-25,Timberland,14,Ft. Zumwalt West,35
2019-10-25,Putnam County,0,Gallatin,10
2019-10-25,Platte County,23,Grandview,29
2019-10-25,Stockton with Sheldon,41,Greenfield,6
2019-10-25,Versailles,24,Hallsville,50
2019-10-25,Marceline,35,Harrisburg,8
2019-10-25,Odessa,49,Harrisonville,20
2019-10-25,Portageville,8,Hayti,62
2019-10-25,Oak Park,18,Hickman,40
2019-10-25,Knob Noster,33,Holden,14
2019-10-25,Mt. Vernon,34,Hollister,14
2019-10-25,Liberty (Wentzville),42,Holt,32
2019-10-25,Parkway Central,6,Jackson,52
2019-10-25,Sherwood,42,Jasper,0
2019-10-25,Rockhurst,37,Jefferson City,19
2019-10-25,Kirkwood,36,Ladue Horton Watkins,35
2019-10-25,Marquette,34,Lafayette (Wildwood),13
2019-10-25,Carrollton,6,Lafayette County,49
2019-10-25,Cassville,10,Lamar,14
2019-10-25,Hillcrest,7,Lebanon,44
2019-10-25,Truman,6,Lee's Summit,56
2019-10-25,Raymore-Peculiar,28,Lee's Summit West,21
2019-10-25,Houston,18,Liberty (Mountain View),14
2019-10-25,Park Hill South,35,Liberty North,56
2019-10-25,Cole Camp,13,Lincoln,42
2019-10-25,Diamond,6,Lockwood with Golden City,40
2019-10-25,Crest Ridge,54,Lone Jack with Kingsville,30
2019-10-25,St. Mary's South Side,69,Lutheran South,16
2019-10-25,Miller,21,Marionville,20
2019-10-25,Kirksville,26,Marshall,21
2019-10-25,Logan-Rogersville,7,Marshfield,47
2019-10-25,Lafayette (St. Joseph),6,Maryville,47
2019-10-25,Trenton,42,Maysville with Winston,29
2019-10-25,Oakville,0,Mehlville,51
2019-10-25,Lawson,6,Mid-Buchanan,28
2019-10-25,Parkway North,24,Miller Career Academy,6
2019-10-25,Fulton,50,Missouri Military Academy,30
2019-10-25,Mexico,23,Moberly,35
2019-10-25,Nevada,0,Monett,49
2019-10-25,Palmyra,22,Monroe City,40
2019-10-25,Thayer,27,Mountain Grove,8
2019-10-25,Webb City,34,Nixa,0
2019-10-25,Gateway,22,Normandy Collaborative,18
2019-10-25,South Callaway,23,North Callaway,26
2019-10-25,John Burroughs,21,North County,6
2019-10-25,Fox,42,Northwest (Cedar Hill),14
2019-10-25,Warrensburg,14,Oak Grove,20
2019-10-25,St. Clair,52,Owensville,6
2019-10-25,Carthage,42,Ozark,27
2019-10-25,Blue Springs,0,Park Hill,12
2019-10-25,Lindbergh,35,Parkway South,6
2019-10-25,Ritenour,8,Pattonville,63
2019-10-25,Van Horn,6,Pembroke Hill,20
2019-10-25,North Platte,27,Penney,20
2019-10-25,Confluence Prep Academy Charter,0,Perryville,41
2019-10-25,West Platte,8,Plattsburg,26
2019-10-25,Excelsior Springs,38,Pleasant Hill,20
2019-10-25,Milan,26,Polo,0
2019-10-25,Hillsboro,26,Poplar Bluff,39
2019-10-25,DeSoto,14,Potosi,20
2019-10-25,South Harrison,14,Princeton with Mercer,20
2019-10-25,North Kansas City,7,Raytown,48
2019-10-25,Grain Valley,37,Raytown South,0
2019-10-25,Aurora,15,Reeds Spring,49
2019-10-25,Neosho,34,Republic,28
2019-10-25,Lexington,28,Richmond,38
2019-10-25,Francis Howell,14,Rock Bridge,7
2019-10-25,Webster Groves,19,Rockwood Summit,22
2019-10-25,Schuyler County,0,Salisbury,28
2019-10-25,Louisiana,6,Scotland County,60
2019-10-25,Doniphan,6,Scott City,49
2019-10-25,Eureka,42,Seckman,2
2019-10-25,McDonald County,27,Seneca,34
2019-10-25,Kennett,36,Sikeston,0
2019-10-25,Strafford,27,Slater,21
2019-10-25,Vashon,6,SLUH,51
2019-10-25,Kearney,0,Smithville,34
2019-10-25,Highland,14,South Shelby,12
2019-10-25,Northeast (Kansas City),29,Southeast,36
2019-10-25,Boonville,21,Southern Boone,32
2019-10-25,University City,25,St. Charles,14
2019-10-25,Westminster Christian Academy,42,St. Charles West,35
2019-10-25,Pacific,35,St. James,0
2019-10-25,Clinton,12,St. Michael the Archangel,31
2019-10-25,Santa Fe,44,St. Paul Lutheran (Concordia),18
2019-10-25,Savannah,60,St. Pius X (Kansas City),0
2019-10-25,Jefferson (Festus),28,St. Vincent,41
2019-10-25,Liberty,0,Staley,23
2019-10-25,Brentwood,14,Ste. Genevieve,55
2019-10-25,St. Francis Borgia,24,Sullivan,21
2019-10-25,Lincoln College Prep,35,Summit Christian Academy,21
2019-10-25,Concordia,20,Tipton,49
2019-10-25,Festus,7,Troy Buchanan,31
2019-10-25,Hermann,32,Union,54
2019-10-25,St. Pius X (Festus),6,Valle Catholic,24
2019-10-25,Bowling Green,45,Van-Far with Community,7
2019-10-25,Ft. Zumwalt East,22,Warrenton,31
2019-10-25,Skyline,64,Warsaw,66
2019-10-25,Parkview,0,Waynesville,50
2019-10-25,Sweet Springs with Malta Bend,48,Wellington-Napoleon,6
2019-10-25,Glendale,14,West Plains,49
2019-10-25,Paris with Faith Walk,22,Westran,0
2019-10-25,Branson,0,Willard,49
2019-10-25,Ava,54,Willow Springs,32
2019-10-25,Lift for Life Academy Charter,40,Winfield,0
2019-10-25,Central (St. Joseph),22,Winnetonka,46
2019-10-25,Mark Twain,0,Wright City,40
2019-10-26,Hogan Prep Academy Charter,42,Central (Kansas City),6
2019-10-26,University Academy Charter,14,East (Kansas City),46
2019-10-26,Hazelwood East,6,Hazelwood West,20
2019-10-26,Riverview Gardens,6,McCluer,52
2019-10-26,Hazelwood Central,18,McCluer North,0
2019-10-26,St. Dominic,22,Priory,7
2019-10-26,Bishop DuBourg with Hancock,0,Roosevelt with Cleveland NJROTC,42
2019-11-01,Crystal City,0,Valle Catholic,53
2019-11-01,Malden,18,Charleston,13
2019-11-01,Chaffee,0,Hayti,64
2019-11-01,Portageville,22,St. Vincent,48
2019-11-01,Diamond,7,Thayer,45
2019-11-01,Sarcoxie,8,Cabool,28
2019-11-01,Ash Grove,0,Pierce City,41
2019-11-01,Marionville,14,Miller,20
2019-11-01,Polo,8,Mid-Buchanan,55
2019-11-01,East Buchanan,52,North Platte,28
2019-11-01,Maysville with Winston,21,Penney,35
2019-11-01,West Platte,6,Plattsburg,20
2019-11-01,Schuyler County,6,Scotland County,44
2019-11-01,Putnam County,10,Princeton with Mercer,7
2019-11-01,Knox County,0,South Harrison,56
2019-11-01,Milan,8,Gallatin,7
2019-11-01,Tipton,6,Cole Camp,44
2019-11-01,Greenfield,12,Skyline,51
2019-11-01,Jasper,34,Lockwood with Golden City,50
2019-11-01,Archie,21,Adrian,53
2019-11-01,Wellington-Napoleon,11,Midway,7
2019-11-01,Concordia,13,Windsor,61
2019-11-01,Sherwood,8,Crest Ridge,42
2019-11-01,St. Paul Lutheran (Concordia),14,Marceline,48
2019-11-01,Fayette,8,Carrollton,29
2019-11-01,Salisbury,0,Slater,40
2019-11-01,Santa Fe,20,Sweet Springs with Malta Bend,54
2019-11-01,Louisiana,0,Brentwood,41
2019-11-01,Harrisburg,30,Paris with Faith Walk,24
2019-11-01,Westran,7,South Callaway,55
2019-11-01,Mark Twain,20,South Shelby,28
2019-11-01,Lincoln,13,Pleasant Hope,0
2019-11-01,Herculaneum,8,Scott City,49
2019-11-01,Kelly,18,Central (New Madrid County),48
2019-11-01,East Prairie,20,Caruthersville,67
2019-11-01,Jefferson (Festus),16,St. Pius X (Festus),29
2019-11-01,Grandview (Hillsboro),0,Lutheran North,62
2019-11-01,Carnahan,0,Lift for Life Academy Charter,41
2019-11-01,Lone Jack with Kingsville,6,Summit Christian Academy,55
2019-11-01,St. Pius X (Kansas City),6,Knob Noster,49
2019-11-01,Holden,3,Lafayette County,40
2019-11-01,Lexington,10,Lawson,48
2019-11-01,Trenton,13,Lathrop,62
2019-11-01,Brookfield,22,Richmond,48
2019-11-01,Mountain Grove,20,Ava,60
2019-11-01,East Newton,21,Houston,20
2019-11-01,Forsyth,0,Liberty (Mountain View),55
2019-11-01,Willow Springs,41,Strafford,18
2019-11-01,Butler,6,Fair Grove,54
2019-11-01,Versailles,49,El Dorado Springs,22
2019-11-01,California,14,Lamar,49
2019-11-01,Stockton with Sheldon,26,Warsaw,52
2019-11-01,Missouri Military Academy,6,Centralia,52
2019-11-01,North Callaway,22,Veritas Christian Academy,49
2019-11-01,Father Tolton,18,Hallsville,41
2019-11-01,Montgomery County,24,Hermann,28
2019-11-01,Van-Far with Community,14,Clark County,59
2019-11-01,Macon,42,Bowling Green,34
2019-11-01,Clopton with Elsberry,36,Monroe City,44
2019-11-01,Highland,12,Palmyra,44
2019-11-01,Duchesne,13,Cardinal Ritter,0
2019-11-01,Doniphan,0,Kennett,56
2019-11-01,Perryville,14,Potosi,20
2019-11-01,Dexter,0,Central (Park Hills),20
2019-11-01,Fredericktown,7,Ste. Genevieve,31
2019-11-01,Owensville,0,Sullivan,27
2019-11-01,Lutheran South,6,St. Clair,42
2019-11-01,Bayless,0,St. Francis Borgia,57
2019-11-01,Clinton,8,Odessa,76
2019-11-01,Oak Grove,26,Boonville,47
2019-11-01,Pleasant Hill,19,Center,35
2019-11-01,St. Michael the Archangel,3,Southern Boone,48
2019-11-01,Northeast (Kansas City),0,Savannah,60
2019-11-01,Central (Kansas City),22,Cameron,51
2019-11-01,Southeast,12,Chillicothe,61
2019-11-01,Benton,40,Pembroke Hill,27
2019-11-01,Vashon,0,Trinity Catholic,42
2019-11-01,Winfield,22,St. Charles West,51
2019-11-01,Mexico,40,Wright City,6
2019-11-01,Orchard Farm,0,Lutheran St. Charles,78
2019-11-01,Fulton,0,Moberly,35
2019-11-01,St. James,7,Blair Oaks,68
2019-11-01,Osage,20,Salem,30
2019-11-01,Eldon,6,Buffalo,41
2019-11-01,Logan-Rogersville,26,Springfield Catholic,7
2019-11-01,Nevada,6,Mt. Vernon,33
2019-11-01,Reeds Spring,14,Seneca,21
2019-11-01,Aurora,6,Cassville,48
2019-11-01,Hollister,14,Monett,38
2019-11-01,Windsor (Imperial),7,Farmington,63
2019-11-01,DeSoto,7,Festus,41
2019-11-01,North County,6,Central (Cape Girardeau),42
2019-11-01,Sikeston,6,Hillsboro,23
2019-11-01,Riverview Gardens,0,St. Mary's South Side,46
2019-11-01,Ruskin,7,Warrensburg,46
2019-11-01,Harrisonville,58,Van Horn,14
2019-11-01,Raytown South,12,Grain Valley,46
2019-11-01,Belton,6,Grandview,31
2019-11-01,East (Kansas City),10,Lincoln College Prep,38
2019-11-01,Lafayette (St. Joseph),24,Excelsior Springs,28
2019-11-01,Winnetonka,13,Platte County,36
2019-11-01,Kearney,45,Smithville,60
2019-11-01,Clayton,7,Ladue Horton Watkins,72
2019-11-01,Westminster Christian Academy,35,Parkway North,13
2019-11-01,St. Charles,0,Rockwood Summit,54
2019-11-01,Ft. Zumwalt South,7,Liberty (Wentzville),42
2019-11-01,Kirksville,35,Warrenton,34
2019-11-01,Ft. Zumwalt East,0,Hannibal,56
2019-11-01,Marshall,14,St. Dominic,38
2019-11-01,Pacific,27,Camdenton,51
2019-11-01,Marshfield,14,Washington,20
2019-11-01,Rolla,21,Helias Catholic,34
2019-11-01,Union,18,Lebanon,56
2019-11-01,McDonald County,14,Webb City,49
2019-11-01,Carl Junction,14,Willard,41
2019-11-01,Neosho,6,West Plains,27
2019-11-01,Hillcrest,0,Bolivar,73
2019-11-01,Parkway South,26,Oakville,34
2019-11-01,Central (St. Joseph),14,Oak Park,35
2019-11-01,Ritenour,6,Webster Groves,49
2019-11-01,Republic,27,Branson,33
2019-11-01,Pattonville,7,De Smet Jesuit,49
2019-11-01,SLUH,14,Christian Brothers College,27
2019-11-01,Francis Howell Central,0,Francis Howell,44
2019-11-01,Lee's Summit West,0,Liberty North,31
2019-11-01,Lee's Summit,14,Rockhurst,17
2019-11-01,Liberty,3,Park Hill,8
2019-11-01,Lee's Summit North,14,Raymore-Peculiar,21
2019-11-01,Timberland,14,Ft. Zumwalt West,38
2019-11-01,Rock Bridge,10,Blue Springs,17
2019-11-01,Blue Springs South,42,Holt,13
2019-11-01,Hickman,6,Troy Buchanan,14
2019-11-01,Jefferson City,16,Joplin,68
2019-11-01,Northwest (Cedar Hill),7,Kirkwood,54
2019-11-01,Kickapoo,7,Marquette,42
2019-11-01,Lindbergh,31,Lafayette (Wildwood),7
2019-11-02,Cuba,28,Principia,13
2019-11-02,University Academy Charter,20,Hogan Prep Academy Charter,39
2019-11-02,Confluence Prep Academy Charter,6,Roosevelt with Cleveland NJROTC,54
2019-11-02,Normandy Collaborative,0,University City,6
2019-11-02,Jennings,8,Priory,47
2019-11-02,Miller Career Academy,18,John Burroughs,30
2019-11-02,Bishop DuBourg with Hancock,8,McCluer,48
2019-11-02,Gateway,6,Hazelwood East,34
2019-11-02,Parkway Central,7,MICDS,28
2019-11-02,Hazelwood Central,21,Hazelwood West,14
2019-11-08,Malden,6,Valle Catholic,73
2019-11-08,St. Vincent,14,Hayti,60
2019-11-08,Cabool,14,Thayer,20
2019-11-08,Miller,13,Pierce City,45
2019-11-08,East Buchanan,22,Mid-Buchanan,49
2019-11-08,Plattsburg,16,Penney,42
2019-11-08,Putnam County,29,Scotland County,0
2019-11-08,Milan,8,South Harrison,32
2019-11-08,Cole Camp,13,Lincoln,50
2019-11-08,Lockwood with Golden City,12,Skyline,44
2019-11-08,Wellington-Napoleon,12,Adrian,48
2019-11-08,Crest Ridge,14,Windsor,42
2019-11-08,Carrollton,12,Marceline,49
2019-11-08,Sweet Springs with Malta Bend,44,Slater,32
2019-11-08,Harrisburg,0,Brentwood,43
2019-11-08,South Shelby,36,South Callaway,43
2019-11-08,Central (New Madrid County),14,Scott City,52
2019-11-08,St. Pius X (Festus),29,Caruthersville,40
2019-11-08,Cuba,0,Lutheran North,68
2019-11-08,Duchesne,18,Lift for Life Academy Charter,36
2019-11-08,Knob Noster,6,Summit Christian Academy,38
2019-11-08,Lafayette County,48,Hogan Prep Academy Charter,6
2019-11-08,Lawson,0,Maryville,48
2019-11-08,Richmond,6,Lathrop,42
2019-11-08,East Newton,6,Ava,34
2019-11-08,Willow Springs,27,Liberty (Mountain View),19
2019-11-08,Versailles,28,Fair Grove,56
2019-11-08,Warsaw,6,Lamar,50
2019-11-08,Veritas Christian Academy,46,Centralia,40
2019-11-08,Hermann,0,Hallsville,42
2019-11-08,Macon,14,Clark County,52
2019-11-08,Palmyra,44,Monroe City,22
2019-11-08,Potosi,12,Kennett,30
2019-11-08,Ste. Genevieve,24,Central (Park Hills),22
2019-11-08,St. Francis Borgia,20,St. Clair,13
2019-11-08,Boonville,7,Odessa,55
2019-11-08,Southern Boone,32,Center,33
2019-11-08,Cameron,14,Savannah,56
2019-11-08,Benton,14,Chillicothe,44
2019-11-08,University City,6,Trinity Catholic,49
2019-11-08,Mexico,28,St. Charles West,20
2019-11-08,Moberly,0,Lutheran St. Charles,41
2019-11-08,Salem,0,Blair Oaks,48
2019-11-08,Logan-Rogersville,28,Buffalo,49
2019-11-08,Seneca,14,Mt. Vernon,12
2019-11-08,Monett,6,Cassville,19
2019-11-08,Festus,0,Farmington,16
2019-11-08,Hillsboro,8,Central (Cape Girardeau),48
2019-11-08,St. Mary's South Side,41,Affton,20
2019-11-08,Harrisonville,29,Warrensburg,14
2019-11-08,Grandview,7,Grain Valley,36
2019-11-08,Excelsior Springs,38,Lincoln College Prep,41
2019-11-08,Smithville,20,Platte County,23
2019-11-08,Westminster Christian Academy,0,Ladue Horton Watkins,38
2019-11-08,MICDS,26,Rockwood Summit,40
2019-11-08,Kirksville,6,Liberty (Wentzville),35
2019-11-08,St. Dominic,15,Hannibal,40
2019-11-08,Washington,7,Camdenton,56
2019-11-08,Lebanon,43,Helias Catholic,13
2019-11-08,Willard,18,Webb City,58
2019-11-08,Bolivar,36,West Plains,21
2019-11-08,Seckman,14,Jackson,55
2019-11-08,Poplar Bluff,25,Fox,41
2019-11-08,Oakville,0,Eureka,43
2019-11-08,Vianney,23,Mehlville,10
2019-11-08,Truman,12,Fort Osage,46
2019-11-08,William Chrisman,7,Raytown,26
2019-11-08,Oak Park,7,Staley,19
2019-11-08,Park Hill South,35,North Kansas City,41
2019-11-08,Webster Groves,21,Chaminade College Prep,35
2019-11-08,Parkway West,25,McCluer North,50
2019-11-08,Smith-Cotton,14,Ft. Zumwalt North,63
2019-11-08,Francis Howell North,19,Battle,54
2019-11-08,Central (Springfield),0,Waynesville,83
2019-11-08,Parkview,0,Glendale,56
2019-11-08,Branson,10,Carthage,48
2019-11-08,Nixa,40,Ozark,12
2019-11-08,Christian Brothers College,14,De Smet Jesuit,35
2019-11-08,Hazelwood Central,6,Francis Howell,42
2019-11-08,Rockhurst,14,Liberty North,17
2019-11-08,Raymore-Peculiar,24,Park Hill,14
2019-11-08,Blue Springs,17,Ft. Zumwalt West,20
2019-11-08,Troy Buchanan,26,Blue Springs South,21
2019-11-08,Kirkwood,48,Joplin,69
2019-11-08,Lindbergh,21,Marquette,31
2019-11-09,Sullivan,33,Roosevelt with Cleveland NJROTC,40
2019-11-09,John Burroughs,21,Priory,28
2019-11-09,Hazelwood East,6,McCluer,34
2019-11-15,Hayti,6,Valle Catholic,43
2019-11-15,Pierce City,20,Thayer,22
2019-11-15,Penney,14,Mid-Buchanan,20
2019-11-15,South Harrison,30,Putnam County,13
2019-11-15,Skyline,13,Lincoln,42
2019-11-15,Windsor,20,Adrian,19
2019-11-15,Sweet Springs with Malta Bend,14,Marceline,23
2019-11-15,South Callaway,35,Brentwood,20
2019-11-15,Caruthersville,14,Scott City,35
2019-11-15,Lift for Life Academy Charter,0,Lutheran North,6
2019-11-15,Lafayette County,14,Summit Christian Academy,35
2019-11-15,Lathrop,29,Maryville,28
2019-11-15,Willow Springs,0,Ava,36
2019-11-15,Lamar,50,Fair Grove,25
2019-11-15,Hallsville,40,Veritas Christian Academy,27
2019-11-15,Palmyra,26,Clark County,30
2019-11-15,Ste. Genevieve,0,Kennett,40
2019-11-15,Center,22,Odessa,51
2019-11-15,Chillicothe,7,Savannah,49
2019-11-15,Priory,14,Trinity Catholic,28
2019-11-15,Lutheran St. Charles,42,Mexico,14
2019-11-15,Buffalo,7,Blair Oaks,35
2019-11-15,Cassville,30,Seneca,20
2019-11-15,Central (Cape Girardeau),35,Farmington,45
2019-11-15,Grain Valley,32,Harrisonville,21
2019-11-15,Platte County,23,Lincoln College Prep,8
2019-11-15,Rockwood Summit,14,Ladue Horton Watkins,35
2019-11-15,Hannibal,8,Liberty (Wentzville),23
2019-11-15,Lebanon,7,Camdenton,35
2019-11-15,Bolivar,14,Webb City,37
2019-11-15,Fox,20,Jackson,49
2019-11-15,Vianney,0,Eureka,36
2019-11-15,Raytown,48,Fort Osage,6
2019-11-15,North Kansas City,3,Staley,21
2019-11-15,McCluer North,0,Chaminade College Prep,54
2019-11-15,Battle,20,Ft. Zumwalt North,63
2019-11-15,Glendale,42,Waynesville,28
2019-11-15,Nixa,0,Carthage,35
2019-11-15,Francis Howell,3,De Smet Jesuit,31
2019-11-15,Raymore-Peculiar,27,Liberty North,21
2019-11-15,Troy Buchanan,0,Ft. Zumwalt West,27
2019-11-15,Marquette,7,Joplin,35
2019-11-16,St. Francis Borgia,43,Roosevelt with Cleveland NJROTC,48
2019-11-16,St. Mary's South Side,18,McCluer,14
2019-11-22,Lutheran North,57,Scott City,8
2019-11-22,St. Mary's South Side,28,Farmington,17
2019-11-22,Platte County,38,Grain Valley,21
2019-11-22,Webb City,62,Camdenton,34
2019-11-22,Eureka,14,Jackson,29
2019-11-22,Ft. Zumwalt North,24,Chaminade College Prep,21
2019-11-22,Carthage,64,Glendale,34
2019-11-23,Thayer,14,Valle Catholic,15
2019-11-23,South Harrison,8,Mid-Buchanan,35
2019-11-23,Windsor,6,Lincoln,36
2019-11-23,South Callaway,7,Marceline,20
2019-11-23,Lathrop,38,Summit Christian Academy,6
2019-11-23,Lamar,14,Ava,26
2019-11-23,Clark County,22,Hallsville,7
2019-11-23,Roosevelt with Cleveland NJROTC,14,Kennett,50
2019-11-23,Savannah,31,Odessa,53
2019-11-23,Lutheran St. Charles,0,Trinity Catholic,26
2019-11-23,Cassville,35,Blair Oaks,28
2019-11-23,Liberty (Wentzville),0,Ladue Horton Watkins,47
2019-11-23,Staley,30,Raytown,14
2019-11-23,Raymore-Peculiar,0,De Smet Jesuit,37
2019-11-23,Joplin,41,Ft. Zumwalt West,20
2019-11-28,Webster Groves,28,Kirkwood,42
2019-11-30,Mid-Buchanan,14,Valle Catholic,37
2019-11-30,Marceline,20,Lincoln,46
2019-11-30,Lathrop,24,Lutheran North,38
2019-11-30,Clark County,14,Ava,20
2019-11-30,Odessa,31,Kennett,14
2019-11-30,Cassville,13,Trinity Catholic,0
2019-11-30,Platte County,15,St. Mary's South Side,14
2019-11-30,Webb City,35,Ladue Horton Watkins,0
2019-11-30,Staley,7,Jackson,20
2019-11-30,Carthage,20,Ft. Zumwalt North,17
2019-11-30,Joplin,20,De Smet Jesuit,35
2019-12-06,Ava,0,Lutheran North,46
2019-12-06,Webb City,48,Platte County,0
2019-12-07,Lincoln,27,Valle Catholic,30
2019-12-07,Cassville,28,Odessa,49
2019-12-07,Carthage,27,Jackson,21
